stock,period,modelo,rmse,mae,r2,total_return_no_stop,hit_rate_no_stop,sharpe_no_stop,drawdown_no_stop,final_capital_no_stop,num_trades_no_stop,profitable_trades_no_stop,unprofitable_trades_no_stop,avg_return_per_trade_no_stop,total_return_stop,hit_rate_stop,sharpe_stop,drawdown_stop,final_capital_stop,num_trades_stop,profitable_trades_stop,unprofitable_trades_stop,avg_return_per_trade_stop
ABEV3,pre_pandemia,ARIMA,0.3092998767029243,0.1745203800731836,0.8062523510954528,0.0036095418930053,0.5060728744939271,0.0649303616491847,0.0017846101735258,100360.95418930054,247,125.0,122.0,1.4613529931195834e-05,0.0043255479812622,0.5060728744939271,0.0805132207613445,0.0016115857111082,100432.55479812622,247,125.0,122.0,1.7512340005110148e-05
ABEV3,durante_pandemia,ARIMA,0.279217083593374,0.2077384527375876,0.9746737427725264,0.0070167188644409,0.5218446601941747,0.0611182289518261,0.0052675639243499,100701.67188644408,412,215.0,197.0,1.7030871030196403e-05,0.0138022653484344,0.5218446601941747,0.1410092861766053,0.0039502679751503,101380.22653484344,412,215.0,197.0,3.350064404959818e-05
ABEV3,pos_pandemia,ARIMA,0.2278043190947689,0.1504503920727583,0.8958842964274046,-0.0013933534622192,0.4646840148698885,-0.0258546943307417,0.0047866886330705,99860.66465377808,269,125.0,144.0,-5.179752647655161e-06,-8.62874412536621e-05,0.4646840148698885,-0.0017416247365114,0.0037620718297124,99991.37125587463,269,125.0,144.0,-3.207711570768108e-07
GE,pre_pandemia,ARIMA,2.892161942405833,0.9922498849869432,0.5810840793931803,-0.0120213584899902,0.4896265560165975,-0.0422011789553673,0.0226884685202947,98797.86415100098,241,118.0,123.0,-4.9881155560125456e-05,0.0104245854949951,0.4896265560165975,0.0450579596880766,0.0078828353712322,101042.45854949953,241,118.0,123.0,4.325554147300879e-05
GE,durante_pandemia,ARIMA,1.7995793550629993,1.14011352538036,0.9837263673144434,0.0032491302490234,0.5259259259259259,0.0054139931604069,0.0268985541517655,100324.91302490234,405,213.0,192.0,8.022543824749229e-06,0.0620877006149292,0.5259259259259259,0.127611540314191,0.0099257939184434,106208.77006149292,405,213.0,192.0,0.0001533029644813
GE,pos_pandemia,ARIMA,1.485102253166391,0.910357584526583,0.9699186978151504,0.0044333953857421,0.5019157088122606,0.0147922044261513,0.0183317598352037,100443.33953857422,261,131.0,130.0,1.698618921740302e-05,0.0160782860565185,0.5019157088122606,0.0577722920098752,0.0098719289686285,101607.82860565186,261,131.0,130.0,6.160262856903661e-05
VALE3,pre_pandemia,ARIMA,0.942265313339243,0.4932564710954455,0.746740648246849,0.0266704120635986,0.5303643724696356,0.1369413129780371,0.0063360650641791,102667.04120635986,247,131.0,116.0,0.0001079773767757,0.0306707446289062,0.5303643724696356,0.1636189586791068,0.0053915475306875,103067.07446289062,247,131.0,116.0,0.0001241730551777
VALE3,durante_pandemia,ARIMA,1.3752853469328854,0.9672351086003012,0.9947363512240556,0.0423918304443359,0.5558252427184466,0.0822155916440665,0.0165732838045417,104239.1830444336,412,229.0,183.0,0.0001028927923406,0.0720413225936889,0.5558252427184466,0.1575730790906729,0.0111551294995493,107204.1322593689,412,229.0,183.0,0.0001748575791108
VALE3,pos_pandemia,ARIMA,3.197419257753283,1.3478438004842077,0.8072221596661292,-0.0294201698303222,0.4721189591078067,-0.0716776031237319,0.0474862758585983,97057.98301696776,269,127.0,142.0,-0.0001093686610792,-0.0044771413040161,0.4721189591078067,-0.0123717824346847,0.0268722397138031,99552.2858695984,269,127.0,142.0,-1.6643647970320124e-05
PETR3,pre_pandemia,ARIMA,0.2662952691834457,0.1463141373032151,0.72941761503528,0.0003768339157104,0.4493927125506073,0.0087203923789312,0.0027948825020181,100037.68339157104,247,111.0,136.0,1.5256433834431145e-06,0.001341587524414,0.4493927125506073,0.0331885557065216,0.002157053617245,100134.1587524414,247,111.0,136.0,5.43152843892333e-06
PETR3,durante_pandemia,ARIMA,0.3780279272425367,0.1907983005766812,0.9429485113414868,-9.460973739624024e-05,0.5266990291262136,-0.0008370556876206,0.006883763897169,99990.53902626038,412,217.0,195.0,-2.296352849423307e-07,0.0115647845673561,0.5266990291262136,0.144673172000474,0.0036866328664958,101156.4784567356,412,217.0,195.0,2.806986545474784e-05
PETR3,pos_pandemia,ARIMA,0.456625354657452,0.2727685730541578,0.980684299763434,0.0004138307571411,0.5278810408921933,0.0043016735174739,0.0065107102666143,100041.38307571413,269,142.0,127.0,1.5384043016398262e-06,0.0058051424789428,0.5278810408921933,0.0677268283793811,0.0030257096499528,100580.51424789429,269,142.0,127.0,2.158045531205528e-05
ITUB4,pre_pandemia,ARIMA,0.599570749778331,0.364466551098899,0.7401291040478153,-0.0068941822052001,0.5020242914979757,-0.064964201414669,0.0122360490398632,99310.58177947998,247,124.0,123.0,-2.7911668846964356e-05,-0.0054039791488647,0.5020242914979757,-0.0525632872177483,0.0112664495183388,99459.60208511353,247,124.0,123.0,-2.187845809256982e-05
ITUB4,durante_pandemia,ARIMA,0.712391210251749,0.4456494556209139,0.9427544872476888,0.0132250823974609,0.5266990291262136,0.0569837918018128,0.0090529869479644,101322.5082397461,412,217.0,195.0,3.209971455694402e-05,0.0266607355308532,0.5266990291262136,0.1293185471502277,0.0060763271295105,102666.07355308533,412,217.0,195.0,6.471052313313902e-05
ITUB4,pos_pandemia,ARIMA,0.5243998129706068,0.3118279513344544,0.9144799349567876,0.0096174926757812,0.5055762081784386,0.0798874125014953,0.006262964074912,100961.74926757812,269,136.0,133.0,3.575276087651023e-05,0.0107607410240173,0.5055762081784386,0.0911065190647994,0.0060989790202047,101076.07410240172,269,136.0,133.0,4.000275473612392e-05
BBAS3,pre_pandemia,ARIMA,0.4769240959548361,0.2651379325548402,0.7068122296479777,0.0051322546005249025,0.5182186234817814,0.06576947139689752,0.003312013209580589,100513.22546005249,247,128.0,119.0,2.0778358706578553e-05,0.006813886957168579,0.5182186234817814,0.09144451460757877,0.0027704869174304666,100681.38869571686,247,128.0,119.0,2.758658687112785e-05
BBAS3,durante_pandemia,ARIMA,0.5716065329437526,0.2669133831804612,0.922834551561815,0.004306704521179199,0.5,0.027585571318799535,0.006653415038131866,100430.67045211792,412,206.0,206.0,1.0453166313541746e-05,0.015156835603713989,0.5,0.11392731087352191,0.004192030016194063,101515.6835603714,412,206.0,206.0,3.678843593134463e-05
BBAS3,pos_pandemia,ARIMA,0.2717432556046069,0.19808727804849388,0.977382811346735,-0.0003555383682250977,0.49814126394052044,-0.00515007512859929,0.0076316547308018755,99964.44616317749,269,134.0,135.0,-1.3217039710970173e-06,0.0024582137775421144,0.49814126394052044,0.0394168866806041,0.005670191327698475,100245.82137775421,269,134.0,135.0,9.138341180453956e-06
