stock,period,RMSE,MAE,R2,total_return_no_stop,hit_rate_no_stop,sharpe_no_stop,drawdown_no_stop,final_capital_no_stop,num_trades_no_stop,profitable_trades_no_stop,unprofitable_trades_no_stop,avg_return_per_trade_no_stop,total_return_stop,hit_rate_stop,sharpe_stop,drawdown_stop,final_capital_stop,num_trades_stop,profitable_trades_stop,unprofitable_trades_stop,avg_return_per_trade_stop
ABEV3,pre_pandemia,0.0150468306634821,0.010942146912146,0.9995294437782328,0.0042304706573486,0.5040983606557377,0.0772090334138749,0.0022608323687092,100423.04706573486,244,123.0,121.0,1.7337994497330465e-05,0.0048234641742706,0.5040983606557377,0.0906928207871327,0.0022594962710997,100482.34641742706,244,123.0,121.0,1.9768295796191104e-05
ABEV3,durante_pandemia,0.0191906574381429,0.0143583964386598,0.999879237303598,0.0017059803009033,0.4938875305623472,0.0149000134189376,0.0038577519088694,100170.59803009032,409,202.0,207.0,4.171100980203717e-06,0.0081612650489807,0.4938875305623472,0.0825891463420503,0.0028269030080726,100816.12650489809,409,202.0,207.0,1.9954193273791474e-05
ABEV3,pos_pandemia,0.0137041142494884,0.0103144835902007,0.9996189844197376,0.0032600955963134,0.5075187969924813,0.0619493444423008,0.0017009628310397,100326.00955963136,266,135.00000000000003,130.99999999999997,1.2255998482381491e-05,0.0037171754169464,0.5075187969924813,0.0719447755106143,0.0017007591052511,100371.71754169464,266,135.00000000000003,130.99999999999997,1.3974343672730869e-05
GE,pre_pandemia,0.0977415806000149,0.0829725795863949,0.9995121938706548,0.0270607757568359,0.4919354838709677,0.0945437475319793,0.0085252245196383,102706.0775756836,248,122.0,126.0,0.0001091160312775,0.0364815601348876,0.4919354838709677,0.135686534261809,0.007073988600676,103648.15601348875,248,122.0,126.0,0.00014710306506
GE,durante_pandemia,0.1057236678072367,0.0865892848763544,0.9999436818988396,0.0159722824096679,0.46875,0.0265569121062992,0.0391679873156913,101597.2282409668,416,195.0,221.0,3.839490963862492e-05,0.0621657816696167,0.46875,0.1194079458933681,0.0101648779142438,106216.57816696168,416,195.0,221.0,0.0001494369751673
GE,pos_pandemia,0.0881171077515518,0.0759787623150878,0.9998930029684696,-0.0233805046081542,0.4738805970149253,-0.0773658228849436,0.0270943197082194,97661.94953918456,268,127.0,141.0,-8.724068883639664e-05,-0.0064605366897583,0.4738805970149253,-0.0244764842958696,0.017247867249998,99353.94633102416,268,127.0,141.0,-2.41064801856653e-05
VALE3,pre_pandemia,0.0638420593829968,0.0474094859834261,0.9988336011824896,-0.003789924621582,0.4959016393442623,-0.0197654963507436,0.0144042372632619,99621.0075378418,244,121.0,123.0,-1.5532477957303408e-05,0.0009827691841125,0.4959016393442623,0.0053156779328989,0.0106960965797703,100098.27691841124,244,121.0,123.0,4.027742557838315e-06
VALE3,durante_pandemia,0.1369233869057798,0.1089245722583928,0.9999478844598764,-0.0559491539001464,0.4474327628361858,-0.109275090759552,0.0762866422104341,94405.08460998537,409,183.0,226.0,-0.0001367949973108,-0.015282011604309,0.4474327628361858,-0.0344983918570253,0.0457222244516197,98471.79883956908,409,183.0,226.0,-3.736433155087795e-05
VALE3,pos_pandemia,0.1651956284720711,0.1429572920592597,0.999487294799866,0.02237886428833,0.5338345864661654,0.0547733212535902,0.023759495380348,102237.886428833,266,142.0,124.0,8.413106875312059e-05,0.0409878916168212,0.5338345864661654,0.1092448249282013,0.0176920638989125,104098.78916168211,266,142.0,124.0,0.0001540898181083
ITUB4,pre_pandemia,0.0067274655488046,0.0053258962664091,0.999967258496926,0.0012406787872314,0.5204918032786885,0.0118001264304587,0.0088751407982394,100124.06787872314,244,127.0,117.0,5.084749127997727e-06,0.0027076202011108,0.5204918032786885,0.0266054866345426,0.0078575100190288,100270.76202011108,244,127.0,117.0,1.1096804102913278e-05
ITUB4,durante_pandemia,0.0085918090181026,0.0066688885606271,0.9999914516884434,0.003364013671875,0.5183374083129584,0.0145490742655886,0.0067890104484979,100336.4013671875,409,212.0,197.00000000000003,8.224972302872861e-06,0.0188184201812744,0.5183374083129584,0.0935290690710298,0.0049440875834116,101881.84201812744,409,212.0,197.00000000000003,4.60108072891795e-05
ITUB4,pos_pandemia,0.0072476957434011,0.0054008800938314,0.9999829191014992,0.0003833885192871,0.4473684210526316,0.003223385970254,0.0078559814929316,100038.33885192873,266,119.0,147.0,1.44131022288387e-06,0.001118775691986,0.4473684210526316,0.0095027696027677,0.0076925448642377,100111.8775691986,266,119.0,147.0,4.205923654083022e-06
BBAS3,pre_pandemia,0.0417768912738463,0.0403293613069476,0.99772079833115,-0.0026999263763427,0.4918032786885246,-0.0347622663179115,0.0037452701292597,99730.00736236572,244,120.0,124.0,-1.1065272034191697e-05,-2.2268695831298828e-05,0.4918032786885246,-0.0003088082904884,0.0036552858645806,99997.77313041688,244,120.0,124.0,-9.126514684958537e-08
BBAS3,durante_pandemia,0.0279163999842562,0.0243320134393055,0.9998079204208792,0.0047180099487304,0.5036674816625917,0.0303506717121383,0.0082143085295291,100471.80099487305,409,206.0,203.0,1.153547664726276e-05,0.0166954061126709,0.5036674816625917,0.1262379327209118,0.0031383572915275,101669.54061126708,409,206.0,203.0,4.082006384516112e-05
BBAS3,pos_pandemia,0.0289220305962558,0.0266059451576496,0.9997424263892616,-0.0048169479370117,0.4661654135338345,-0.0708266982508142,0.0072702245193274,99518.30520629884,266,124.0,142.0,-1.810882683087112e-05,-0.0021502368164062,0.4661654135338345,-0.0345296265487968,0.0050787081874667,99784.97631835938,266,124.0,142.0,-8.083597054158834e-06
PETR3,pre_pandemia,0.020348197314885443,0.019682796258544993,0.99836889803172,-0.0016589241027832032,0.46311475409836067,-0.03876411480666404,0.002277386207770993,99834.10758972168,244,113.0,131.0,-6.7988692737016525e-06,-0.0006526810646057129,0.46311475409836067,-0.016009633817603012,0.0020264053914107612,99934.73189353943,244,113.0,131.0,-2.674922395925053e-06
PETR3,durante_pandemia,0.016448680745061214,0.014051886803523676,0.9998911095075065,0.00013397932052612306,0.4743276283618582,0.0011948281967506704,0.006603085079792806,100013.39793205261,409,194.0,215.0,3.275778007973669e-07,0.008657257549762726,0.4743276283618582,0.08770642546882333,0.003165237374936558,100865.72575497627,409,194.0,215.0,2.1166888874725493e-05
PETR3,pos_pandemia,0.0428573822694617,0.039311482079476955,0.9998280742985186,-0.00921898078918457,0.4473684210526316,-0.09686020452065218,0.013227969704031938,99078.10192108154,266,119.0,147.0,-3.4657822515731466e-05,-0.0032627838611602785,0.4473684210526316,-0.038928059846925565,0.007286172464919056,99673.72161388397,266,119.0,147.0,-1.2266104741204055e-05
