stock,period,MSE,RMSE,MAE,R2,retorno_no_stop,acerto_no_stop,sharpe_no_stop,drawdown_no_stop,capital_no_stop,retorno_stop,acerto_stop,sharpe_stop,drawdown_stop,capital_stop,retorno_bh,capital_bh,dias_bh
ITUB4,pre_pandemia,4.590139751595546e-05,0.0067750570120077,0.0053678345490754,0.9999663578921818,0.001028486251831,0.5204918032786885,0.0096998138952501,0.0091599306407128,100102.8486251831,0.0025077145195007,0.5204918032786885,0.0244335349774041,0.008133754718311,100250.77145195007,0.0012668800354003,100126.68800354004,248
BBAS3,pre_pandemia,0.0019073429091136,0.0436731371567658,0.0422129493185899,0.997639454248221,-0.0027734241485595,0.4918032786885246,-0.0347622919298627,0.0038471151950346,99722.65758514404,-2.2848129272460936e-05,0.4918032786885246,-0.0003084473739585,0.0037544113986077,99997.71518707275,0.0027862243652343,100278.62243652344,248
CYRE3,pre_pandemia,0.0033996912015415,0.058306870963391,0.0488162527972653,0.999752977797576,-0.0096403846740722,0.4549180327868852,-0.1095117179187406,0.0111477827084578,99035.96153259276,-0.0059456654930114,0.4549180327868852,-0.0736708572639645,0.0079546649090829,99405.43345069884,0.0119451103210449,101194.51103210448,248
TEND3,pre_pandemia,0.0102030878764902,0.1010103354934048,0.08256509600579,0.999223234052507,0.016995750427246,0.5286885245901639,0.1565669224984182,0.0044409173640761,101699.5750427246,0.0183872527599334,0.5286885245901639,0.1733621960526843,0.0038390596100808,101838.72527599336,0.013630443572998,101363.0443572998,248
DIRR3,pre_pandemia,9.666992940861994e-05,0.0098320867270696,0.0084761159804811,0.9999521418298336,-0.0047496547698974,0.4508196721311475,-0.1202584716019922,0.0056972482223448,99525.03452301024,-0.0027191127157211,0.4508196721311475,-0.0763454924522504,0.0039583426069229,99728.08872842789,0.0052725372314453,100527.25372314452,248
ELET3,pre_pandemia,0.0058100778969373,0.0762238669770654,0.0659123188953917,0.9994728476868744,-0.0163447303771972,0.4508196721311475,-0.0780371999957776,0.0222039189157845,98365.52696228027,0.0019323982048034,0.4508196721311475,0.0110538675921013,0.0118821124025645,100193.23982048036,0.0118578510284423,101185.78510284424,248
EQTL3,pre_pandemia,0.0005425629891074,0.0232929815418164,0.0186778053369817,0.999828426177726,0.0060139589309692,0.5122950819672131,0.1039583402410785,0.0021792087292841,100601.39589309692,0.0061364325904846,0.5122950819672131,0.1065814201488298,0.0021149276301618,100613.64325904846,0.0072425460815429,100724.2546081543,248
CMIG4,pre_pandemia,6.140839991748188e-05,0.0078363511864567,0.0076871465724878,0.9982620816289268,-0.0001534116268157,0.4754098360655737,-0.0092764279482882,0.0008242037621583,99984.65883731842,0.0001754125213623,0.4754098360655737,0.0110977055968314,0.0006296469047737,100017.54125213625,6.155061721801802e-05,100006.1550617218,248
PETR3,pre_pandemia,0.0004140541976249,0.020348321739764,0.0196829223816092,0.9983688869829224,-0.0016589298248291,0.4631147540983606,-0.0387642020599173,0.0022773966910154,99834.10701751708,-0.0006526824474334,0.4631147540983606,-0.0160096526648475,0.0020264108098586,99934.73175525664,0.0018779706954956,100187.79706954956,248
BRAP3,pre_pandemia,8.579293668378976e-05,0.0092624476615951,0.006578926288904,0.9996760837610678,0.0001501631736755,0.5,0.0047061400345852,0.0018865978047399,100015.01631736755,0.0012628397750854,0.5,0.0425989779260845,0.001677412431086,100126.28397750854,0.0019613771438598,100196.137714386,248
ITUB4,durante_pandemia,7.387742495435398e-05,0.0085951977844814,0.0066709266991689,0.9999914699671456,0.0033967304229736,0.5183374083129584,0.0146874595860319,0.0067889021650653,100339.67304229736,0.0188512109756469,0.5183374083129584,0.0936670852134837,0.0049438595093801,101885.1210975647,-0.0045454311370849,99545.4568862915,413
BBAS3,durante_pandemia,0.0008607892596301,0.0293392102761834,0.0257347237026502,0.999798936830986,0.0053653602600097,0.5061124694376528,0.0336039502117684,0.0079221807831397,100536.53602600098,0.0176687832927703,0.5061124694376528,0.1301215508047936,0.003220615710056,101766.87832927704,-0.0074053592681884,99259.46407318117,413
CYRE3,durante_pandemia,0.0075140066880537,0.0866833703085762,0.0758570778494729,0.9995350954621034,-0.0138878574371337,0.4865525672371638,-0.0458660184250271,0.0246745112386927,98611.21425628662,0.0249195164489746,0.4865525672371638,0.1052145301410794,0.0061735045511148,102491.95164489746,-0.006961124420166,99303.8875579834,413
TEND3,durante_pandemia,0.0289571186600748,0.1701679131331018,0.1328701443534115,0.9983960042611808,-0.0214699096679687,0.4229828850855746,-0.0610496465544826,0.0298872760113917,97853.00903320312,0.0105259479713439,0.4229828850855746,0.0371958855579489,0.0130246386439985,101052.5947971344,-0.0102145919799804,98978.54080200195,413
DIRR3,durante_pandemia,0.0002617490448522,0.0161786601686382,0.014653133491669,0.9999063300520667,0.0020474052429199,0.5061124694376528,0.0157279560034513,0.0081843444049096,100204.740524292,0.0131929912281036,0.5061124694376528,0.1150482168398442,0.0039345708907095,101319.29912281036,-0.0009827499389648,99901.72500610352,413
ELET3,durante_pandemia,0.0065364349160746,0.0808482214774983,0.0693310174372084,0.9998324707618522,-0.0147421569824218,0.4987775061124694,-0.0355094311849705,0.0305349311392993,98525.7843017578,0.0365598067092895,0.4987775061124694,0.1133486135778741,0.0086482883960062,103655.98067092896,0.003383581161499,100338.3581161499,413
EQTL3,durante_pandemia,0.0018560474402248,0.0430818690428451,0.0331544207181622,0.9996633311909144,0.0196274223327636,0.5427872860635696,0.0991154734902092,0.0060635145549339,101962.74223327637,0.0288052443790435,0.5427872860635696,0.1631045845322367,0.002950569283046,102880.52443790436,0.0026099128723144,100260.99128723145,413
CMIG4,durante_pandemia,6.63185304733587e-05,0.0081436190034504,0.0073679207842987,0.99986200255801,0.0010132427215576,0.491442542787286,0.0242625018711496,0.0026737625357651,100101.32427215576,0.0033487659096717,0.491442542787286,0.0881064326407643,0.0013422622785682,100334.87659096718,0.0009702434539794,100097.02434539796,413
PETR3,durante_pandemia,0.0002705624647883,0.0164487830792545,0.0140519837003679,0.9998911088075324,0.0001340298652648,0.4743276283618582,0.0011952754236852,0.0066030579264188,100013.40298652647,0.0086573272824287,0.4743276283618582,0.0877068632741716,0.0031652431564081,100865.73272824287,-0.0006301403045654,99936.98596954346,413
BRAP3,durante_pandemia,0.0004344640400268,0.0208438009975836,0.016102885604129,0.999966918111872,-0.001368215560913,0.4987775061124694,-0.0121157448950785,0.0061439578569095,99863.17844390868,0.0061033126497268,0.4987775061124694,0.0619400049661489,0.003362010031513,100610.33126497269,0.0067716698646545,100677.16698646544,413
ITUB4,pos_pandemia,5.252909573377843e-05,0.0072476958913697,0.0054008798170277,0.9999829191047396,0.0003833637237548,0.4473684210526316,0.0032231817507955,0.0078559611780064,100038.33637237547,0.0011187162208557,0.4473684210526316,0.0095022725552577,0.0076925365704339,100111.87162208556,-0.0018639430999755,99813.60569000244,270
BBAS3,pos_pandemia,0.0009404015470141,0.0306659672440661,0.0282961813465685,0.9997409875196902,-0.0051044692993164,0.4661654135338345,-0.0729120923339335,0.0076448339465014,99489.55307006836,-0.0023582101154327,0.4661654135338345,-0.0367931865248218,0.0053865747231881,99764.17898845673,0.0044904136657714,100449.04136657716,270
CYRE3,pos_pandemia,0.0016204292186535,0.0402545552534564,0.0324622130926436,0.9993635844192214,0.0100793113708496,0.5601503759398496,0.0898306806325278,0.0037980713267502,101007.93113708496,0.0194282570266723,0.5601503759398496,0.2030888876564305,0.0022825064270961,101942.82570266724,-0.0017994260787963,99820.05739212036,270
TEND3,pos_pandemia,0.007344309236734,0.0856989453653549,0.0625044491982322,0.9997548658045474,-0.0045133352279663,0.4887218045112781,-0.034323724965999,0.0121543308677977,99548.66647720335,0.011275663356781,0.4887218045112781,0.1017338396584567,0.0052199091456567,101127.5663356781,-0.0124575543403625,98754.24456596376,270
DIRR3,pos_pandemia,0.0002264694050503,0.0150489004598454,0.0132355105203226,0.999827939346406,-0.003613408088684,0.5037593984962406,-0.0442961960771654,0.0057081266251965,99638.6591911316,0.0059525813150405,0.5037593984962406,0.0898356748596868,0.0025049538804174,100595.25813150406,0.0030175724029541,100301.7572402954,270
ELET3,pos_pandemia,0.0083372658098394,0.0913086294379643,0.0815836127749099,0.9996820920024394,-0.0030446968078613,0.462406015037594,-0.0139758405511576,0.0195067037531416,99695.53031921388,0.005026681690216,0.462406015037594,0.0246177829876165,0.0141443778634942,100502.6681690216,0.0043483848571777,100434.83848571776,270
EQTL3,pos_pandemia,0.0014068828634431,0.0375084372300836,0.0304606261701396,0.9991358301369732,-0.0035376815795898,0.4661654135338345,-0.0371758894297638,0.006336821324701,99646.23184204102,-0.0015218409156799,0.4661654135338345,-0.017179275619348,0.0062108889604547,99847.815908432,0.0003422031402587,100034.22031402588,270
CMIG4,pos_pandemia,0.0002656378510942,0.0162984002618124,0.0158338029362567,0.9994604980492992,-0.0011138625144958,0.4586466165413533,-0.0389460110151269,0.0026928583195581,99888.61374855042,-0.0003528728151321,0.4586466165413533,-0.0131310760320813,0.001960579546389,99964.7127184868,0.0009121022224426,100091.21022224426,270
PETR3,pos_pandemia,0.0018367714762983,0.0428575719832367,0.0393116661910627,0.9998280738040002,-0.0092190074920654,0.4473684210526316,-0.0968601770858746,0.0132280087378856,99078.09925079346,-0.0032627820396423,0.4473684210526316,-0.0389279164636173,0.007286182425864,99673.72179603577,0.0090680828094482,100906.80828094482,270
BRAP3,pos_pandemia,0.0009367696747466,0.0306066932997781,0.0240207853652312,0.9998510875409026,-0.0030107479095458,0.5112781954887218,-0.0289886453505793,0.010891880695342,99698.9252090454,0.0027337553691864,0.5112781954887218,0.0290204047679803,0.0065303258495612,100273.37553691864,0.0015208177566528,100152.08177566528,270
VALE3,pre_pandemia,0.004075806619579536,0.06384204429354949,0.04740948801887459,0.9988336015447706,-0.0037899093627929686,0.4959016393442623,-0.01976541986176678,0.014404180804338572,99621.0090637207,0.0009827826499938966,0.4959016393442623,0.005315751752948801,0.010696055210429456,100098.27826499939,0.002261587142944329,100226.15871429443,248
VALE3,durante_pandemia,0.018748016234901934,0.1369233954987311,0.10892455775951572,0.9999478844524937,-0.05594917678833008,0.4474327628361858,-0.1092751474049437,0.07628656013598999,94405.08232116699,-0.01528204610824585,0.4474327628361858,-0.03449846581128555,0.04572221010423304,98471.79538917542,0.03539482116699218,103539.48211669922,413
VALE3,pos_pandemia,0.02728959915069009,0.1651956390183775,0.14295727750533774,0.9994872947613158,0.022378917694091796,0.5338345864661654,0.05477345525596117,0.023759510658116042,102237.89176940918,0.040987994499206544,0.5338345864661654,0.10924514036567406,0.017692064300165605,104098.79944992065,-0.011627765655517585,98837.22343444824,270
